"","id","expl.name","expl.val","pred.name","pred.val"
"1",1,"chl",0.0788894966244698,"el_EMmeanByTSS_mergedData_mergedRun_mergedAlgo",0.184030398892217
"2",2,"chl",0.111671753754519,"el_EMmeanByTSS_mergedData_mergedRun_mergedAlgo",0.182408979847866
"3",3,"chl",0.144454010884569,"el_EMmeanByTSS_mergedData_mergedRun_mergedAlgo",0.179446044233278
"4",4,"chl",0.177236268014619,"el_EMmeanByTSS_mergedData_mergedRun_mergedAlgo",0.174691349629236
"5",5,"chl",0.210018525144669,"el_EMmeanByTSS_mergedData_mergedRun_mergedAlgo",0.167754026774327
"6",6,"chl",0.242800782274718,"el_EMmeanByTSS_mergedData_mergedRun_mergedAlgo",0.158502248963862
"7",7,"chl",0.275583039404768,"el_EMmeanByTSS_mergedData_mergedRun_mergedAlgo",0.14729234104809
"8",8,"chl",0.308365296534818,"el_EMmeanByTSS_mergedData_mergedRun_mergedAlgo",0.135061948307945
"9",9,"chl",0.341147553664867,"el_EMmeanByTSS_mergedData_mergedRun_mergedAlgo",0.29240031438747
"10",10,"chl",0.373929810794917,"el_EMmeanByTSS_mergedData_mergedRun_mergedAlgo",0.324197996716061
"11",11,"chl",0.406712067924967,"el_EMmeanByTSS_mergedData_mergedRun_mergedAlgo",0.379138983855782
"12",12,"chl",0.439494325055016,"el_EMmeanByTSS_mergedData_mergedRun_mergedAlgo",0.671164837459216
"13",13,"chl",0.472276582185066,"el_EMmeanByTSS_mergedData_mergedRun_mergedAlgo",0.829954287357494
"14",14,"chl",0.505058839315116,"el_EMmeanByTSS_mergedData_mergedRun_mergedAlgo",0.899280483554988
"15",15,"chl",0.537841096445165,"el_EMmeanByTSS_mergedData_mergedRun_mergedAlgo",0.912528781365709
"16",16,"chl",0.570623353575215,"el_EMmeanByTSS_mergedData_mergedRun_mergedAlgo",0.910208265466093
"17",17,"chl",0.603405610705265,"el_EMmeanByTSS_mergedData_mergedRun_mergedAlgo",0.904430761439104
"18",18,"chl",0.636187867835315,"el_EMmeanByTSS_mergedData_mergedRun_mergedAlgo",0.64269422719566
"19",19,"chl",0.668970124965364,"el_EMmeanByTSS_mergedData_mergedRun_mergedAlgo",0.632661979174663
"20",20,"chl",0.701752382095414,"el_EMmeanByTSS_mergedData_mergedRun_mergedAlgo",0.516407133889037
"21",21,"chl",0.734534639225464,"el_EMmeanByTSS_mergedData_mergedRun_mergedAlgo",0.512372923191549
"22",22,"chl",0.767316896355513,"el_EMmeanByTSS_mergedData_mergedRun_mergedAlgo",0.508304458502629
"23",23,"chl",0.800099153485563,"el_EMmeanByTSS_mergedData_mergedRun_mergedAlgo",0.50423636830424
"24",24,"chl",0.832881410615613,"el_EMmeanByTSS_mergedData_mergedRun_mergedAlgo",0.500206623543154
"25",25,"chl",0.865663667745662,"el_EMmeanByTSS_mergedData_mergedRun_mergedAlgo",0.496245516218849
"26",26,"chl",0.898445924875712,"el_EMmeanByTSS_mergedData_mergedRun_mergedAlgo",0.494588344574938
"27",27,"chl",0.931228182005762,"el_EMmeanByTSS_mergedData_mergedRun_mergedAlgo",0.493661321505525
"28",28,"chl",0.964010439135812,"el_EMmeanByTSS_mergedData_mergedRun_mergedAlgo",0.493394477224691
"29",29,"chl",0.996792696265861,"el_EMmeanByTSS_mergedData_mergedRun_mergedAlgo",0.493298694541107
"30",30,"chl",1.02957495339591,"el_EMmeanByTSS_mergedData_mergedRun_mergedAlgo",0.492617813846212
"31",31,"chl",1.06235721052596,"el_EMmeanByTSS_mergedData_mergedRun_mergedAlgo",0.461180437948778
"32",32,"chl",1.09513946765601,"el_EMmeanByTSS_mergedData_mergedRun_mergedAlgo",0.375818489533742
"33",33,"chl",1.12792172478606,"el_EMmeanByTSS_mergedData_mergedRun_mergedAlgo",0.373837731555249
"34",34,"chl",1.16070398191611,"el_EMmeanByTSS_mergedData_mergedRun_mergedAlgo",0.371622372806859
"35",35,"chl",1.19348623904616,"el_EMmeanByTSS_mergedData_mergedRun_mergedAlgo",0.367913319087478
"36",36,"chl",1.22626849617621,"el_EMmeanByTSS_mergedData_mergedRun_mergedAlgo",0.362102040049169
"37",37,"chl",1.25905075330626,"el_EMmeanByTSS_mergedData_mergedRun_mergedAlgo",0.353740999304876
"38",38,"chl",1.29183301043631,"el_EMmeanByTSS_mergedData_mergedRun_mergedAlgo",0.342793835185879
"39",39,"chl",1.32461526756636,"el_EMmeanByTSS_mergedData_mergedRun_mergedAlgo",0.329801177154361
"40",40,"chl",1.35739752469641,"el_EMmeanByTSS_mergedData_mergedRun_mergedAlgo",0.315827893322042
"41",41,"chl",1.39017978182646,"el_EMmeanByTSS_mergedData_mergedRun_mergedAlgo",0.302183306539616
"42",42,"chl",1.42296203895651,"el_EMmeanByTSS_mergedData_mergedRun_mergedAlgo",0.290036189415595
"43",43,"chl",1.45574429608656,"el_EMmeanByTSS_mergedData_mergedRun_mergedAlgo",0.280106726065848
"44",44,"chl",1.48852655321661,"el_EMmeanByTSS_mergedData_mergedRun_mergedAlgo",0.272572788209229
"45",45,"chl",1.52130881034666,"el_EMmeanByTSS_mergedData_mergedRun_mergedAlgo",0.267189824332276
"46",46,"chl",1.55409106747671,"el_EMmeanByTSS_mergedData_mergedRun_mergedAlgo",0.263506875458469
"47",47,"chl",1.58687332460676,"el_EMmeanByTSS_mergedData_mergedRun_mergedAlgo",0.261052446628889
"48",48,"chl",1.61965558173681,"el_EMmeanByTSS_mergedData_mergedRun_mergedAlgo",0.259434470276651
"49",49,"chl",1.65243783886686,"el_EMmeanByTSS_mergedData_mergedRun_mergedAlgo",0.258366448427206
"50",50,"chl",1.6852200959969,"el_EMmeanByTSS_mergedData_mergedRun_mergedAlgo",0.25765401325857
"51",51,"chl",1.71800235312695,"el_EMmeanByTSS_mergedData_mergedRun_mergedAlgo",0.257170419799902
"52",52,"chl",1.750784610257,"el_EMmeanByTSS_mergedData_mergedRun_mergedAlgo",0.256834249131636
"53",53,"chl",1.78356686738705,"el_EMmeanByTSS_mergedData_mergedRun_mergedAlgo",0.256593491196211
"54",54,"chl",1.8163491245171,"el_EMmeanByTSS_mergedData_mergedRun_mergedAlgo",0.25641616052016
"55",55,"chl",1.84913138164715,"el_EMmeanByTSS_mergedData_mergedRun_mergedAlgo",0.256286330743581
"56",56,"chl",1.8819136387772,"el_EMmeanByTSS_mergedData_mergedRun_mergedAlgo",0.256201469724372
"57",57,"chl",1.91469589590725,"el_EMmeanByTSS_mergedData_mergedRun_mergedAlgo",0.256161146343353
"58",58,"chl",1.9474781530373,"el_EMmeanByTSS_mergedData_mergedRun_mergedAlgo",0.256150421109917
"59",59,"chl",1.98026041016735,"el_EMmeanByTSS_mergedData_mergedRun_mergedAlgo",0.256149080119087
"60",60,"chl",2.0130426672974,"el_EMmeanByTSS_mergedData_mergedRun_mergedAlgo",0.256148988873883
"61",61,"chl",2.04582492442745,"el_EMmeanByTSS_mergedData_mergedRun_mergedAlgo",0.256148981438393
"62",62,"chl",2.0786071815575,"el_EMmeanByTSS_mergedData_mergedRun_mergedAlgo",0.256148980263483
"63",63,"chl",2.11138943868755,"el_EMmeanByTSS_mergedData_mergedRun_mergedAlgo",0.256148972127215
"64",64,"chl",2.1441716958176,"el_EMmeanByTSS_mergedData_mergedRun_mergedAlgo",0.256148972127215
"65",65,"chl",2.17695395294765,"el_EMmeanByTSS_mergedData_mergedRun_mergedAlgo",0.256148972127215
"66",66,"chl",2.2097362100777,"el_EMmeanByTSS_mergedData_mergedRun_mergedAlgo",0.256148972127215
"67",67,"chl",2.24251846720775,"el_EMmeanByTSS_mergedData_mergedRun_mergedAlgo",0.256148972127215
"68",68,"chl",2.2753007243378,"el_EMmeanByTSS_mergedData_mergedRun_mergedAlgo",0.256148972127215
"69",69,"chl",2.30808298146785,"el_EMmeanByTSS_mergedData_mergedRun_mergedAlgo",0.256148972127215
"70",70,"chl",2.3408652385979,"el_EMmeanByTSS_mergedData_mergedRun_mergedAlgo",0.256148972127215
"71",71,"chl",2.37364749572795,"el_EMmeanByTSS_mergedData_mergedRun_mergedAlgo",0.256148972127215
"72",72,"chl",2.406429752858,"el_EMmeanByTSS_mergedData_mergedRun_mergedAlgo",0.256148972127215
"73",73,"chl",2.43921200998805,"el_EMmeanByTSS_mergedData_mergedRun_mergedAlgo",0.256148972127215
"74",74,"chl",2.4719942671181,"el_EMmeanByTSS_mergedData_mergedRun_mergedAlgo",0.256148972127215
"75",75,"chl",2.50477652424815,"el_EMmeanByTSS_mergedData_mergedRun_mergedAlgo",0.256148972127215
"76",76,"chl",2.5375587813782,"el_EMmeanByTSS_mergedData_mergedRun_mergedAlgo",0.256148972127215
"77",77,"chl",2.57034103850825,"el_EMmeanByTSS_mergedData_mergedRun_mergedAlgo",0.256148972127215
"78",78,"chl",2.6031232956383,"el_EMmeanByTSS_mergedData_mergedRun_mergedAlgo",0.256148972127215
"79",79,"chl",2.63590555276835,"el_EMmeanByTSS_mergedData_mergedRun_mergedAlgo",0.256148972127215
"80",80,"chl",2.6686878098984,"el_EMmeanByTSS_mergedData_mergedRun_mergedAlgo",0.256148972127215
"81",81,"chl",2.70147006702845,"el_EMmeanByTSS_mergedData_mergedRun_mergedAlgo",0.256148972127215
"82",82,"chl",2.7342523241585,"el_EMmeanByTSS_mergedData_mergedRun_mergedAlgo",0.256148972127215
"83",83,"chl",2.76703458128854,"el_EMmeanByTSS_mergedData_mergedRun_mergedAlgo",0.256148972127215
"84",84,"chl",2.79981683841859,"el_EMmeanByTSS_mergedData_mergedRun_mergedAlgo",0.256148972127215
"85",85,"chl",2.83259909554864,"el_EMmeanByTSS_mergedData_mergedRun_mergedAlgo",0.256148972127215
"86",86,"chl",2.86538135267869,"el_EMmeanByTSS_mergedData_mergedRun_mergedAlgo",0.256148972127215
"87",87,"chl",2.89816360980874,"el_EMmeanByTSS_mergedData_mergedRun_mergedAlgo",0.256148972127215
"88",88,"chl",2.93094586693879,"el_EMmeanByTSS_mergedData_mergedRun_mergedAlgo",0.256148972127215
"89",89,"chl",2.96372812406884,"el_EMmeanByTSS_mergedData_mergedRun_mergedAlgo",0.256148972127215
"90",90,"chl",2.99651038119889,"el_EMmeanByTSS_mergedData_mergedRun_mergedAlgo",0.256148972127215
"91",91,"chl",3.02929263832894,"el_EMmeanByTSS_mergedData_mergedRun_mergedAlgo",0.256148972127215
"92",92,"chl",3.06207489545899,"el_EMmeanByTSS_mergedData_mergedRun_mergedAlgo",0.256148972127215
"93",93,"chl",3.09485715258904,"el_EMmeanByTSS_mergedData_mergedRun_mergedAlgo",0.256148972127215
"94",94,"chl",3.12763940971909,"el_EMmeanByTSS_mergedData_mergedRun_mergedAlgo",0.256148972127215
"95",95,"chl",3.16042166684914,"el_EMmeanByTSS_mergedData_mergedRun_mergedAlgo",0.256148972127215
"96",96,"chl",3.19320392397919,"el_EMmeanByTSS_mergedData_mergedRun_mergedAlgo",0.256148972127215
"97",97,"chl",3.22598618110924,"el_EMmeanByTSS_mergedData_mergedRun_mergedAlgo",0.256148972127215
"98",98,"chl",3.25876843823929,"el_EMmeanByTSS_mergedData_mergedRun_mergedAlgo",0.256148972127215
"99",99,"chl",3.29155069536934,"el_EMmeanByTSS_mergedData_mergedRun_mergedAlgo",0.256148972127215
"100",100,"chl",3.32433295249939,"el_EMmeanByTSS_mergedData_mergedRun_mergedAlgo",0.256148972127215
"101",1,"cv",0.0221707597374916,"el_EMmeanByTSS_mergedData_mergedRun_mergedAlgo",0.414515729423984
"102",2,"cv",0.0349226715889844,"el_EMmeanByTSS_mergedData_mergedRun_mergedAlgo",0.424924807852037
"103",3,"cv",0.0476745834404772,"el_EMmeanByTSS_mergedData_mergedRun_mergedAlgo",0.434072250611978
"104",4,"cv",0.06042649529197,"el_EMmeanByTSS_mergedData_mergedRun_mergedAlgo",0.442380693641001
"105",5,"cv",0.0731784071434628,"el_EMmeanByTSS_mergedData_mergedRun_mergedAlgo",0.45038839224537
"106",6,"cv",0.0859303189949556,"el_EMmeanByTSS_mergedData_mergedRun_mergedAlgo",0.458610327984451
"107",7,"cv",0.0986822308464484,"el_EMmeanByTSS_mergedData_mergedRun_mergedAlgo",0.467463527272936
"108",8,"cv",0.111434142697941,"el_EMmeanByTSS_mergedData_mergedRun_mergedAlgo",0.477225474108548
"109",9,"cv",0.124186054549434,"el_EMmeanByTSS_mergedData_mergedRun_mergedAlgo",0.658660098237125
"110",10,"cv",0.136937966400927,"el_EMmeanByTSS_mergedData_mergedRun_mergedAlgo",0.675387125174045
"111",11,"cv",0.14968987825242,"el_EMmeanByTSS_mergedData_mergedRun_mergedAlgo",0.682988769485276
"112",12,"cv",0.162441790103912,"el_EMmeanByTSS_mergedData_mergedRun_mergedAlgo",0.686531949625617
"113",13,"cv",0.175193701955405,"el_EMmeanByTSS_mergedData_mergedRun_mergedAlgo",0.690177782168061
"114",14,"cv",0.187945613806898,"el_EMmeanByTSS_mergedData_mergedRun_mergedAlgo",0.693927084651017
"115",15,"cv",0.200697525658391,"el_EMmeanByTSS_mergedData_mergedRun_mergedAlgo",0.697867144330857
"116",16,"cv",0.213449437509884,"el_EMmeanByTSS_mergedData_mergedRun_mergedAlgo",0.702462496354945
"117",17,"cv",0.226201349361376,"el_EMmeanByTSS_mergedData_mergedRun_mergedAlgo",0.702858720743706
"118",18,"cv",0.238953261212869,"el_EMmeanByTSS_mergedData_mergedRun_mergedAlgo",0.703018141411891
"119",19,"cv",0.251705173064362,"el_EMmeanByTSS_mergedData_mergedRun_mergedAlgo",0.694673727835826
"120",20,"cv",0.264457084915855,"el_EMmeanByTSS_mergedData_mergedRun_mergedAlgo",0.69222286029984
"121",21,"cv",0.277208996767348,"el_EMmeanByTSS_mergedData_mergedRun_mergedAlgo",0.688585396451941
"122",22,"cv",0.28996090861884,"el_EMmeanByTSS_mergedData_mergedRun_mergedAlgo",0.682946040195029
"123",23,"cv",0.302712820470333,"el_EMmeanByTSS_mergedData_mergedRun_mergedAlgo",0.674937995708867
"124",24,"cv",0.315464732321826,"el_EMmeanByTSS_mergedData_mergedRun_mergedAlgo",0.665536109536295
"125",25,"cv",0.328216644173319,"el_EMmeanByTSS_mergedData_mergedRun_mergedAlgo",0.657130210605675
"126",26,"cv",0.340968556024812,"el_EMmeanByTSS_mergedData_mergedRun_mergedAlgo",0.646276636616201
"127",27,"cv",0.353720467876304,"el_EMmeanByTSS_mergedData_mergedRun_mergedAlgo",0.600369437031504
"128",28,"cv",0.366472379727797,"el_EMmeanByTSS_mergedData_mergedRun_mergedAlgo",0.580052274848846
"129",29,"cv",0.37922429157929,"el_EMmeanByTSS_mergedData_mergedRun_mergedAlgo",0.460433284685005
"130",30,"cv",0.391976203430783,"el_EMmeanByTSS_mergedData_mergedRun_mergedAlgo",0.326688862910715
"131",31,"cv",0.404728115282275,"el_EMmeanByTSS_mergedData_mergedRun_mergedAlgo",0.310791089032215
"132",32,"cv",0.417480027133768,"el_EMmeanByTSS_mergedData_mergedRun_mergedAlgo",0.300931597682799
"133",33,"cv",0.430231938985261,"el_EMmeanByTSS_mergedData_mergedRun_mergedAlgo",0.288248328961999
"134",34,"cv",0.442983850836754,"el_EMmeanByTSS_mergedData_mergedRun_mergedAlgo",0.273803671875136
"135",35,"cv",0.455735762688247,"el_EMmeanByTSS_mergedData_mergedRun_mergedAlgo",0.258480413454388
"136",36,"cv",0.468487674539739,"el_EMmeanByTSS_mergedData_mergedRun_mergedAlgo",0.243162710508264
"137",37,"cv",0.481239586391232,"el_EMmeanByTSS_mergedData_mergedRun_mergedAlgo",0.231546977518736
"138",38,"cv",0.493991498242725,"el_EMmeanByTSS_mergedData_mergedRun_mergedAlgo",0.224457432501069
"139",39,"cv",0.506743410094218,"el_EMmeanByTSS_mergedData_mergedRun_mergedAlgo",0.219880838110258
"140",40,"cv",0.519495321945711,"el_EMmeanByTSS_mergedData_mergedRun_mergedAlgo",0.217045887668902
"141",41,"cv",0.532247233797203,"el_EMmeanByTSS_mergedData_mergedRun_mergedAlgo",0.215305384912843
"142",42,"cv",0.544999145648696,"el_EMmeanByTSS_mergedData_mergedRun_mergedAlgo",0.214224817690153
"143",43,"cv",0.557751057500189,"el_EMmeanByTSS_mergedData_mergedRun_mergedAlgo",0.213539839579639
"144",44,"cv",0.570502969351682,"el_EMmeanByTSS_mergedData_mergedRun_mergedAlgo",0.213095118528988
"145",45,"cv",0.583254881203175,"el_EMmeanByTSS_mergedData_mergedRun_mergedAlgo",0.212799453241393
"146",46,"cv",0.596006793054667,"el_EMmeanByTSS_mergedData_mergedRun_mergedAlgo",0.212598447158637
"147",47,"cv",0.60875870490616,"el_EMmeanByTSS_mergedData_mergedRun_mergedAlgo",0.212458950747253
"148",48,"cv",0.621510616757653,"el_EMmeanByTSS_mergedData_mergedRun_mergedAlgo",0.212360268897268
"149",49,"cv",0.634262528609146,"el_EMmeanByTSS_mergedData_mergedRun_mergedAlgo",0.212289207445176
"150",50,"cv",0.647014440460639,"el_EMmeanByTSS_mergedData_mergedRun_mergedAlgo",0.212237180843771
"151",51,"cv",0.659766352312131,"el_EMmeanByTSS_mergedData_mergedRun_mergedAlgo",0.212198498820951
"152",52,"cv",0.672518264163624,"el_EMmeanByTSS_mergedData_mergedRun_mergedAlgo",0.212169325539993
"153",53,"cv",0.685270176015117,"el_EMmeanByTSS_mergedData_mergedRun_mergedAlgo",0.212147033891758
"154",54,"cv",0.69802208786661,"el_EMmeanByTSS_mergedData_mergedRun_mergedAlgo",0.212129797328031
"155",55,"cv",0.710773999718103,"el_EMmeanByTSS_mergedData_mergedRun_mergedAlgo",0.21211632747267
"156",56,"cv",0.723525911569595,"el_EMmeanByTSS_mergedData_mergedRun_mergedAlgo",0.212105702845246
"157",57,"cv",0.736277823421088,"el_EMmeanByTSS_mergedData_mergedRun_mergedAlgo",0.212097255464919
"158",58,"cv",0.749029735272581,"el_EMmeanByTSS_mergedData_mergedRun_mergedAlgo",0.212090494768891
"159",59,"cv",0.761781647124074,"el_EMmeanByTSS_mergedData_mergedRun_mergedAlgo",0.212085055916112
"160",60,"cv",0.774533558975567,"el_EMmeanByTSS_mergedData_mergedRun_mergedAlgo",0.212080664231491
"161",61,"cv",0.787285470827059,"el_EMmeanByTSS_mergedData_mergedRun_mergedAlgo",0.212077110463821
"162",62,"cv",0.800037382678552,"el_EMmeanByTSS_mergedData_mergedRun_mergedAlgo",0.212074239103625
"163",63,"cv",0.812789294530045,"el_EMmeanByTSS_mergedData_mergedRun_mergedAlgo",0.212071913726705
"164",64,"cv",0.825541206381538,"el_EMmeanByTSS_mergedData_mergedRun_mergedAlgo",0.212070040585542
"165",65,"cv",0.838293118233031,"el_EMmeanByTSS_mergedData_mergedRun_mergedAlgo",0.212068541031938
"166",66,"cv",0.851045030084523,"el_EMmeanByTSS_mergedData_mergedRun_mergedAlgo",0.212067351920605
"167",67,"cv",0.863796941936016,"el_EMmeanByTSS_mergedData_mergedRun_mergedAlgo",0.212066422095911
"168",68,"cv",0.876548853787509,"el_EMmeanByTSS_mergedData_mergedRun_mergedAlgo",0.212065709765935
"169",69,"cv",0.889300765639002,"el_EMmeanByTSS_mergedData_mergedRun_mergedAlgo",0.21206518044509
"170",70,"cv",0.902052677490495,"el_EMmeanByTSS_mergedData_mergedRun_mergedAlgo",0.21206480577333
"171",71,"cv",0.914804589341987,"el_EMmeanByTSS_mergedData_mergedRun_mergedAlgo",0.212064561840454
"172",72,"cv",0.92755650119348,"el_EMmeanByTSS_mergedData_mergedRun_mergedAlgo",0.212064428660513
"173",73,"cv",0.940308413044973,"el_EMmeanByTSS_mergedData_mergedRun_mergedAlgo",0.212064389372604
"174",74,"cv",0.953060324896466,"el_EMmeanByTSS_mergedData_mergedRun_mergedAlgo",0.212064429689976
"175",75,"cv",0.965812236747958,"el_EMmeanByTSS_mergedData_mergedRun_mergedAlgo",0.21206453746228
"176",76,"cv",0.978564148599451,"el_EMmeanByTSS_mergedData_mergedRun_mergedAlgo",0.212064702324745
"177",77,"cv",0.991316060450944,"el_EMmeanByTSS_mergedData_mergedRun_mergedAlgo",0.212064915073026
"178",78,"cv",1.00406797230244,"el_EMmeanByTSS_mergedData_mergedRun_mergedAlgo",0.212065168774715
"179",79,"cv",1.01681988415393,"el_EMmeanByTSS_mergedData_mergedRun_mergedAlgo",0.212065456599043
"180",80,"cv",1.02957179600542,"el_EMmeanByTSS_mergedData_mergedRun_mergedAlgo",0.212065772958507
"181",81,"cv",1.04232370785692,"el_EMmeanByTSS_mergedData_mergedRun_mergedAlgo",0.212066113057913
"182",82,"cv",1.05507561970841,"el_EMmeanByTSS_mergedData_mergedRun_mergedAlgo",0.212066472784048
"183",83,"cv",1.0678275315599,"el_EMmeanByTSS_mergedData_mergedRun_mergedAlgo",0.21206684861235
"184",84,"cv",1.08057944341139,"el_EMmeanByTSS_mergedData_mergedRun_mergedAlgo",0.212067237527487
"185",85,"cv",1.09333135526289,"el_EMmeanByTSS_mergedData_mergedRun_mergedAlgo",0.212067636955401
"186",86,"cv",1.10608326711438,"el_EMmeanByTSS_mergedData_mergedRun_mergedAlgo",0.212068044704898
"187",87,"cv",1.11883517896587,"el_EMmeanByTSS_mergedData_mergedRun_mergedAlgo",0.212068458917222
"188",88,"cv",1.13158709081736,"el_EMmeanByTSS_mergedData_mergedRun_mergedAlgo",0.212068878022371
"189",89,"cv",1.14433900266886,"el_EMmeanByTSS_mergedData_mergedRun_mergedAlgo",0.212069300701153
"190",90,"cv",1.15709091452035,"el_EMmeanByTSS_mergedData_mergedRun_mergedAlgo",0.212069725852123
"191",91,"cv",1.16984282637184,"el_EMmeanByTSS_mergedData_mergedRun_mergedAlgo",0.212070152562747
"192",92,"cv",1.18259473822334,"el_EMmeanByTSS_mergedData_mergedRun_mergedAlgo",0.2120705800842
"193",93,"cv",1.19534665007483,"el_EMmeanByTSS_mergedData_mergedRun_mergedAlgo",0.21207100780931
"194",94,"cv",1.20809856192632,"el_EMmeanByTSS_mergedData_mergedRun_mergedAlgo",0.212071435253271
"195",95,"cv",1.22085047377781,"el_EMmeanByTSS_mergedData_mergedRun_mergedAlgo",0.212071862036741
"196",96,"cv",1.23360238562931,"el_EMmeanByTSS_mergedData_mergedRun_mergedAlgo",0.212072287871049
"197",97,"cv",1.2463542974808,"el_EMmeanByTSS_mergedData_mergedRun_mergedAlgo",0.212072712545247
"198",98,"cv",1.25910620933229,"el_EMmeanByTSS_mergedData_mergedRun_mergedAlgo",0.212073135914787
"199",99,"cv",1.27185812118379,"el_EMmeanByTSS_mergedData_mergedRun_mergedAlgo",0.212073557891616
"200",100,"cv",1.28461003303528,"el_EMmeanByTSS_mergedData_mergedRun_mergedAlgo",0.212073978435533
"201",1,"mld",7.01925802230835,"el_EMmeanByTSS_mergedData_mergedRun_mergedAlgo",0.0555112248603425
"202",2,"mld",7.73276684500954,"el_EMmeanByTSS_mergedData_mergedRun_mergedAlgo",0.0555344610000688
"203",3,"mld",8.44627566771074,"el_EMmeanByTSS_mergedData_mergedRun_mergedAlgo",0.0555614880815725
"204",4,"mld",9.15978449041193,"el_EMmeanByTSS_mergedData_mergedRun_mergedAlgo",0.0555929289927436
"205",5,"mld",9.87329331311313,"el_EMmeanByTSS_mergedData_mergedRun_mergedAlgo",0.0556295107379377
"206",6,"mld",10.5868021358143,"el_EMmeanByTSS_mergedData_mergedRun_mergedAlgo",0.0556720823409454
"207",7,"mld",11.3003109585155,"el_EMmeanByTSS_mergedData_mergedRun_mergedAlgo",0.0557216359553505
"208",8,"mld",12.0138197812167,"el_EMmeanByTSS_mergedData_mergedRun_mergedAlgo",0.0557793317893313
"209",9,"mld",12.7273286039179,"el_EMmeanByTSS_mergedData_mergedRun_mergedAlgo",0.0558465275754075
"210",10,"mld",13.4408374266191,"el_EMmeanByTSS_mergedData_mergedRun_mergedAlgo",0.0559248134669425
"211",11,"mld",14.1543462493203,"el_EMmeanByTSS_mergedData_mergedRun_mergedAlgo",0.0560160534298407
"212",12,"mld",14.8678550720215,"el_EMmeanByTSS_mergedData_mergedRun_mergedAlgo",0.0561224344300075
"213",13,"mld",15.5813638947227,"el_EMmeanByTSS_mergedData_mergedRun_mergedAlgo",0.0562465250089277
"214",14,"mld",16.2948727174239,"el_EMmeanByTSS_mergedData_mergedRun_mergedAlgo",0.0563913452114639
"215",15,"mld",17.0083815401251,"el_EMmeanByTSS_mergedData_mergedRun_mergedAlgo",0.0565604503117652
"216",16,"mld",17.7218903628263,"el_EMmeanByTSS_mergedData_mergedRun_mergedAlgo",0.0567580314208644
"217",17,"mld",18.4353991855275,"el_EMmeanByTSS_mergedData_mergedRun_mergedAlgo",0.0569890369253076
"218",18,"mld",19.1489080082286,"el_EMmeanByTSS_mergedData_mergedRun_mergedAlgo",0.0572593199166875
"219",19,"mld",19.8624168309298,"el_EMmeanByTSS_mergedData_mergedRun_mergedAlgo",0.0575758185209186
"220",20,"mld",20.575925653631,"el_EMmeanByTSS_mergedData_mergedRun_mergedAlgo",0.0579467786518258
"221",21,"mld",21.2894344763322,"el_EMmeanByTSS_mergedData_mergedRun_mergedAlgo",0.0583820327643758
"222",22,"mld",22.0029432990334,"el_EMmeanByTSS_mergedData_mergedRun_mergedAlgo",0.0588933546691593
"223",23,"mld",22.7164521217346,"el_EMmeanByTSS_mergedData_mergedRun_mergedAlgo",0.0594949211840421
"224",24,"mld",23.4299609444358,"el_EMmeanByTSS_mergedData_mergedRun_mergedAlgo",0.0602039296117576
"225",25,"mld",24.143469767137,"el_EMmeanByTSS_mergedData_mergedRun_mergedAlgo",0.0610414518456703
"226",26,"mld",24.8569785898382,"el_EMmeanByTSS_mergedData_mergedRun_mergedAlgo",0.0620336630365263
"227",27,"mld",25.5704874125394,"el_EMmeanByTSS_mergedData_mergedRun_mergedAlgo",0.0632136885459218
"228",28,"mld",26.2839962352406,"el_EMmeanByTSS_mergedData_mergedRun_mergedAlgo",0.0646245158561937
"229",29,"mld",26.9975050579418,"el_EMmeanByTSS_mergedData_mergedRun_mergedAlgo",0.0663238331749528
"230",30,"mld",27.711013880643,"el_EMmeanByTSS_mergedData_mergedRun_mergedAlgo",0.0683924403803825
"231",31,"mld",28.4245227033442,"el_EMmeanByTSS_mergedData_mergedRun_mergedAlgo",0.0709497147846173
"232",32,"mld",29.1380315260454,"el_EMmeanByTSS_mergedData_mergedRun_mergedAlgo",0.0741827460953447
"233",33,"mld",29.8515403487466,"el_EMmeanByTSS_mergedData_mergedRun_mergedAlgo",0.0784006374455678
"234",34,"mld",30.5650491714478,"el_EMmeanByTSS_mergedData_mergedRun_mergedAlgo",0.0841245814323109
"235",35,"mld",31.2785579941489,"el_EMmeanByTSS_mergedData_mergedRun_mergedAlgo",0.0921861585274598
"236",36,"mld",31.9920668168501,"el_EMmeanByTSS_mergedData_mergedRun_mergedAlgo",0.103668880350208
"237",37,"mld",32.7055756395513,"el_EMmeanByTSS_mergedData_mergedRun_mergedAlgo",0.446267067640988
"238",38,"mld",33.4190844622525,"el_EMmeanByTSS_mergedData_mergedRun_mergedAlgo",0.484800110378868
"239",39,"mld",34.1325932849537,"el_EMmeanByTSS_mergedData_mergedRun_mergedAlgo",0.511624009642083
"240",40,"mld",34.8461021076549,"el_EMmeanByTSS_mergedData_mergedRun_mergedAlgo",0.532968488754752
"241",41,"mld",35.5596109303561,"el_EMmeanByTSS_mergedData_mergedRun_mergedAlgo",0.552198998692295
"242",42,"mld",36.2731197530573,"el_EMmeanByTSS_mergedData_mergedRun_mergedAlgo",0.568665013045207
"243",43,"mld",36.9866285757585,"el_EMmeanByTSS_mergedData_mergedRun_mergedAlgo",0.583983694952925
"244",44,"mld",37.7001373984597,"el_EMmeanByTSS_mergedData_mergedRun_mergedAlgo",0.598996540343341
"245",45,"mld",38.4136462211609,"el_EMmeanByTSS_mergedData_mergedRun_mergedAlgo",0.612487185321842
"246",46,"mld",39.1271550438621,"el_EMmeanByTSS_mergedData_mergedRun_mergedAlgo",0.625059138865448
"247",47,"mld",39.8406638665633,"el_EMmeanByTSS_mergedData_mergedRun_mergedAlgo",0.636694421759103
"248",48,"mld",40.5541726892645,"el_EMmeanByTSS_mergedData_mergedRun_mergedAlgo",0.647502489798237
"249",49,"mld",41.2676815119657,"el_EMmeanByTSS_mergedData_mergedRun_mergedAlgo",0.657416171003833
"250",50,"mld",41.9811903346669,"el_EMmeanByTSS_mergedData_mergedRun_mergedAlgo",0.667010765086522
"251",51,"mld",42.6946991573681,"el_EMmeanByTSS_mergedData_mergedRun_mergedAlgo",0.678740457143731
"252",52,"mld",43.4082079800692,"el_EMmeanByTSS_mergedData_mergedRun_mergedAlgo",0.705827206809834
"253",53,"mld",44.1217168027704,"el_EMmeanByTSS_mergedData_mergedRun_mergedAlgo",0.726867432612164
"254",54,"mld",44.8352256254716,"el_EMmeanByTSS_mergedData_mergedRun_mergedAlgo",0.735544870106481
"255",55,"mld",45.5487344481728,"el_EMmeanByTSS_mergedData_mergedRun_mergedAlgo",0.739676797236403
"256",56,"mld",46.262243270874,"el_EMmeanByTSS_mergedData_mergedRun_mergedAlgo",0.740202935670177
"257",57,"mld",46.9757520935752,"el_EMmeanByTSS_mergedData_mergedRun_mergedAlgo",0.738418055584125
"258",58,"mld",47.6892609162764,"el_EMmeanByTSS_mergedData_mergedRun_mergedAlgo",0.736193950687856
"259",59,"mld",48.4027697389776,"el_EMmeanByTSS_mergedData_mergedRun_mergedAlgo",0.733564376742991
"260",60,"mld",49.1162785616788,"el_EMmeanByTSS_mergedData_mergedRun_mergedAlgo",0.730402519665398
"261",61,"mld",49.82978738438,"el_EMmeanByTSS_mergedData_mergedRun_mergedAlgo",0.726642888170886
"262",62,"mld",50.5432962070812,"el_EMmeanByTSS_mergedData_mergedRun_mergedAlgo",0.720322686157564
"263",63,"mld",51.2568050297824,"el_EMmeanByTSS_mergedData_mergedRun_mergedAlgo",0.716021553902775
"264",64,"mld",51.9703138524836,"el_EMmeanByTSS_mergedData_mergedRun_mergedAlgo",0.711518057192044
"265",65,"mld",52.6838226751848,"el_EMmeanByTSS_mergedData_mergedRun_mergedAlgo",0.706658110809773
"266",66,"mld",53.397331497886,"el_EMmeanByTSS_mergedData_mergedRun_mergedAlgo",0.694851361393084
"267",67,"mld",54.1108403205872,"el_EMmeanByTSS_mergedData_mergedRun_mergedAlgo",0.459374602338612
"268",68,"mld",54.8243491432884,"el_EMmeanByTSS_mergedData_mergedRun_mergedAlgo",0.43547769147669
"269",69,"mld",55.5378579659895,"el_EMmeanByTSS_mergedData_mergedRun_mergedAlgo",0.425258470953189
"270",70,"mld",56.2513667886907,"el_EMmeanByTSS_mergedData_mergedRun_mergedAlgo",0.418887179287153
"271",71,"mld",56.9648756113919,"el_EMmeanByTSS_mergedData_mergedRun_mergedAlgo",0.411424009399379
"272",72,"mld",57.6783844340931,"el_EMmeanByTSS_mergedData_mergedRun_mergedAlgo",0.40218321835932
"273",73,"mld",58.3918932567943,"el_EMmeanByTSS_mergedData_mergedRun_mergedAlgo",0.390364883223409
"274",74,"mld",59.1054020794955,"el_EMmeanByTSS_mergedData_mergedRun_mergedAlgo",0.375495513847877
"275",75,"mld",59.8189109021967,"el_EMmeanByTSS_mergedData_mergedRun_mergedAlgo",0.358114895040263
"276",76,"mld",60.5324197248979,"el_EMmeanByTSS_mergedData_mergedRun_mergedAlgo",0.340045665473137
"277",77,"mld",61.2459285475991,"el_EMmeanByTSS_mergedData_mergedRun_mergedAlgo",0.323601676627597
"278",78,"mld",61.9594373703003,"el_EMmeanByTSS_mergedData_mergedRun_mergedAlgo",0.310330956505567
"279",79,"mld",62.6729461930015,"el_EMmeanByTSS_mergedData_mergedRun_mergedAlgo",0.300519874445063
"280",80,"mld",63.3864550157027,"el_EMmeanByTSS_mergedData_mergedRun_mergedAlgo",0.293614376038398
"281",81,"mld",64.0999638384039,"el_EMmeanByTSS_mergedData_mergedRun_mergedAlgo",0.288830411071354
"282",82,"mld",64.8134726611051,"el_EMmeanByTSS_mergedData_mergedRun_mergedAlgo",0.285493365344137
"283",83,"mld",65.5269814838063,"el_EMmeanByTSS_mergedData_mergedRun_mergedAlgo",0.283120758733662
"284",84,"mld",66.2404903065075,"el_EMmeanByTSS_mergedData_mergedRun_mergedAlgo",0.281393216269206
"285",85,"mld",66.9539991292087,"el_EMmeanByTSS_mergedData_mergedRun_mergedAlgo",0.280104202340433
"286",86,"mld",67.6675079519098,"el_EMmeanByTSS_mergedData_mergedRun_mergedAlgo",0.279119382633995
"287",87,"mld",68.381016774611,"el_EMmeanByTSS_mergedData_mergedRun_mergedAlgo",0.278349608171071
"288",88,"mld",69.0945255973122,"el_EMmeanByTSS_mergedData_mergedRun_mergedAlgo",0.27773420673049
"289",89,"mld",69.8080344200134,"el_EMmeanByTSS_mergedData_mergedRun_mergedAlgo",0.277230859112959
"290",90,"mld",70.5215432427146,"el_EMmeanByTSS_mergedData_mergedRun_mergedAlgo",0.276809426176047
"291",91,"mld",71.2350520654158,"el_EMmeanByTSS_mergedData_mergedRun_mergedAlgo",0.276448102891534
"292",92,"mld",71.948560888117,"el_EMmeanByTSS_mergedData_mergedRun_mergedAlgo",0.276130949364271
"293",93,"mld",72.6620697108182,"el_EMmeanByTSS_mergedData_mergedRun_mergedAlgo",0.275846251708979
"294",94,"mld",73.3755785335194,"el_EMmeanByTSS_mergedData_mergedRun_mergedAlgo",0.275585396812914
"295",95,"mld",74.0890873562206,"el_EMmeanByTSS_mergedData_mergedRun_mergedAlgo",0.275342075875779
"296",96,"mld",74.8025961789218,"el_EMmeanByTSS_mergedData_mergedRun_mergedAlgo",0.27511170585089
"297",97,"mld",75.516105001623,"el_EMmeanByTSS_mergedData_mergedRun_mergedAlgo",0.274891000473532
"298",98,"mld",76.2296138243242,"el_EMmeanByTSS_mergedData_mergedRun_mergedAlgo",0.274677647380608
"299",99,"mld",76.9431226470254,"el_EMmeanByTSS_mergedData_mergedRun_mergedAlgo",0.27447006261989
"300",100,"mld",77.6566314697266,"el_EMmeanByTSS_mergedData_mergedRun_mergedAlgo",0.274267202908752
"301",1,"so",17.2987308502197,"el_EMmeanByTSS_mergedData_mergedRun_mergedAlgo",0.063379928171227
"302",2,"so",17.4791371894605,"el_EMmeanByTSS_mergedData_mergedRun_mergedAlgo",0.0635206336415662
"303",3,"so",17.6595435287013,"el_EMmeanByTSS_mergedData_mergedRun_mergedAlgo",0.0636797592848766
"304",4,"so",17.8399498679421,"el_EMmeanByTSS_mergedData_mergedRun_mergedAlgo",0.0638602805053027
"305",5,"so",18.0203562071829,"el_EMmeanByTSS_mergedData_mergedRun_mergedAlgo",0.0640657325765913
"306",6,"so",18.2007625464237,"el_EMmeanByTSS_mergedData_mergedRun_mergedAlgo",0.0643003357650756
"307",7,"so",18.3811688856645,"el_EMmeanByTSS_mergedData_mergedRun_mergedAlgo",0.0645691378855161
"308",8,"so",18.5615752249053,"el_EMmeanByTSS_mergedData_mergedRun_mergedAlgo",0.0648782119671022
"309",9,"so",18.7419815641461,"el_EMmeanByTSS_mergedData_mergedRun_mergedAlgo",0.0652348507453697
"310",10,"so",18.9223879033869,"el_EMmeanByTSS_mergedData_mergedRun_mergedAlgo",0.0656478460774254
"311",11,"so",19.1027942426277,"el_EMmeanByTSS_mergedData_mergedRun_mergedAlgo",0.0661278014789975
"312",12,"so",19.2832005818685,"el_EMmeanByTSS_mergedData_mergedRun_mergedAlgo",0.0666875046733444
"313",13,"so",19.4636069211093,"el_EMmeanByTSS_mergedData_mergedRun_mergedAlgo",0.0673423576692573
"314",14,"so",19.6440132603501,"el_EMmeanByTSS_mergedData_mergedRun_mergedAlgo",0.0681108583363856
"315",15,"so",19.8244195995909,"el_EMmeanByTSS_mergedData_mergedRun_mergedAlgo",0.0690151152144388
"316",16,"so",20.0048259388317,"el_EMmeanByTSS_mergedData_mergedRun_mergedAlgo",0.070081357733817
"317",17,"so",20.1852322780725,"el_EMmeanByTSS_mergedData_mergedRun_mergedAlgo",0.0713403748242131
"318",18,"so",20.3656386173133,"el_EMmeanByTSS_mergedData_mergedRun_mergedAlgo",0.0728277743525313
"319",19,"so",20.5460449565541,"el_EMmeanByTSS_mergedData_mergedRun_mergedAlgo",0.0745839044108079
"320",20,"so",20.7264512957949,"el_EMmeanByTSS_mergedData_mergedRun_mergedAlgo",0.0766532202739779
"321",21,"so",20.9068576350357,"el_EMmeanByTSS_mergedData_mergedRun_mergedAlgo",0.0790828310460661
"322",22,"so",21.0872639742765,"el_EMmeanByTSS_mergedData_mergedRun_mergedAlgo",0.08191994223762
"323",23,"so",21.2676703135173,"el_EMmeanByTSS_mergedData_mergedRun_mergedAlgo",0.0852079617183981
"324",24,"so",21.448076652758,"el_EMmeanByTSS_mergedData_mergedRun_mergedAlgo",0.0889812001299843
"325",25,"so",21.6284829919988,"el_EMmeanByTSS_mergedData_mergedRun_mergedAlgo",0.093258405637617
"326",26,"so",21.8088893312396,"el_EMmeanByTSS_mergedData_mergedRun_mergedAlgo",0.0980358187250926
"327",27,"so",21.9892956704804,"el_EMmeanByTSS_mergedData_mergedRun_mergedAlgo",0.103280932108032
"328",28,"so",22.1697020097212,"el_EMmeanByTSS_mergedData_mergedRun_mergedAlgo",0.108928518915723
"329",29,"so",22.350108348962,"el_EMmeanByTSS_mergedData_mergedRun_mergedAlgo",0.114880517150954
"330",30,"so",22.5305146882028,"el_EMmeanByTSS_mergedData_mergedRun_mergedAlgo",0.12101084284284
"331",31,"so",22.7109210274436,"el_EMmeanByTSS_mergedData_mergedRun_mergedAlgo",0.127175144927725
"332",32,"so",22.8913273666844,"el_EMmeanByTSS_mergedData_mergedRun_mergedAlgo",0.133224181951445
"333",33,"so",23.0717337059252,"el_EMmeanByTSS_mergedData_mergedRun_mergedAlgo",0.139018380839724
"334",34,"so",23.252140045166,"el_EMmeanByTSS_mergedData_mergedRun_mergedAlgo",0.144440713356842
"335",35,"so",23.4325463844068,"el_EMmeanByTSS_mergedData_mergedRun_mergedAlgo",0.149405505158146
"336",36,"so",23.6129527236476,"el_EMmeanByTSS_mergedData_mergedRun_mergedAlgo",0.153861978723209
"337",37,"so",23.7933590628884,"el_EMmeanByTSS_mergedData_mergedRun_mergedAlgo",0.157792730310875
"338",38,"so",23.9737654021292,"el_EMmeanByTSS_mergedData_mergedRun_mergedAlgo",0.161208433036058
"339",39,"so",24.15417174137,"el_EMmeanByTSS_mergedData_mergedRun_mergedAlgo",0.164140548155725
"340",40,"so",24.3345780806108,"el_EMmeanByTSS_mergedData_mergedRun_mergedAlgo",0.166633723320575
"341",41,"so",24.5149844198516,"el_EMmeanByTSS_mergedData_mergedRun_mergedAlgo",0.168739079251169
"342",42,"so",24.6953907590924,"el_EMmeanByTSS_mergedData_mergedRun_mergedAlgo",0.170509003958697
"343",43,"so",24.8757970983332,"el_EMmeanByTSS_mergedData_mergedRun_mergedAlgo",0.171993583046999
"344",44,"so",25.056203437574,"el_EMmeanByTSS_mergedData_mergedRun_mergedAlgo",0.173238480618403
"345",45,"so",25.2366097768148,"el_EMmeanByTSS_mergedData_mergedRun_mergedAlgo",0.174283943502744
"346",46,"so",25.4170161160556,"el_EMmeanByTSS_mergedData_mergedRun_mergedAlgo",0.175164583266776
"347",47,"so",25.5974224552964,"el_EMmeanByTSS_mergedData_mergedRun_mergedAlgo",0.175909639990651
"348",48,"so",25.7778287945372,"el_EMmeanByTSS_mergedData_mergedRun_mergedAlgo",0.176543505809019
"349",49,"so",25.958235133778,"el_EMmeanByTSS_mergedData_mergedRun_mergedAlgo",0.177086358615117
"350",50,"so",26.1386414730188,"el_EMmeanByTSS_mergedData_mergedRun_mergedAlgo",0.177554815232279
"351",51,"so",26.3190478122596,"el_EMmeanByTSS_mergedData_mergedRun_mergedAlgo",0.17796255589383
"352",52,"so",26.4994541515004,"el_EMmeanByTSS_mergedData_mergedRun_mergedAlgo",0.178320899699434
"353",53,"so",26.6798604907412,"el_EMmeanByTSS_mergedData_mergedRun_mergedAlgo",0.178639327126635
"354",54,"so",26.8602668299819,"el_EMmeanByTSS_mergedData_mergedRun_mergedAlgo",0.17892595408745
"355",55,"so",27.0406731692227,"el_EMmeanByTSS_mergedData_mergedRun_mergedAlgo",0.179187965367958
"356",56,"so",27.2210795084635,"el_EMmeanByTSS_mergedData_mergedRun_mergedAlgo",0.179432015886848
"357",57,"so",27.4014858477043,"el_EMmeanByTSS_mergedData_mergedRun_mergedAlgo",0.17966460777283
"358",58,"so",27.5818921869451,"el_EMmeanByTSS_mergedData_mergedRun_mergedAlgo",0.179892450958173
"359",59,"so",27.7622985261859,"el_EMmeanByTSS_mergedData_mergedRun_mergedAlgo",0.180122815466851
"360",60,"so",27.9427048654267,"el_EMmeanByTSS_mergedData_mergedRun_mergedAlgo",0.180363885003377
"361",61,"so",28.1231112046675,"el_EMmeanByTSS_mergedData_mergedRun_mergedAlgo",0.180625123551168
"362",62,"so",28.3035175439083,"el_EMmeanByTSS_mergedData_mergedRun_mergedAlgo",0.180917668856621
"363",63,"so",28.4839238831491,"el_EMmeanByTSS_mergedData_mergedRun_mergedAlgo",0.18125476806576
"364",64,"so",28.6643302223899,"el_EMmeanByTSS_mergedData_mergedRun_mergedAlgo",0.181652270412703
"365",65,"so",28.8447365616307,"el_EMmeanByTSS_mergedData_mergedRun_mergedAlgo",0.182129188627171
"366",66,"so",29.0251429008715,"el_EMmeanByTSS_mergedData_mergedRun_mergedAlgo",0.182708333336555
"367",67,"so",29.2055492401123,"el_EMmeanByTSS_mergedData_mergedRun_mergedAlgo",0.183417011562248
"368",68,"so",29.3859555793531,"el_EMmeanByTSS_mergedData_mergedRun_mergedAlgo",0.184287759384821
"369",69,"so",29.5663619185939,"el_EMmeanByTSS_mergedData_mergedRun_mergedAlgo",0.185359047511971
"370",70,"so",29.7467682578347,"el_EMmeanByTSS_mergedData_mergedRun_mergedAlgo",0.186675854436381
"371",71,"so",29.9271745970755,"el_EMmeanByTSS_mergedData_mergedRun_mergedAlgo",0.188289944021314
"372",72,"so",30.1075809363163,"el_EMmeanByTSS_mergedData_mergedRun_mergedAlgo",0.190259615373931
"373",73,"so",30.2879872755571,"el_EMmeanByTSS_mergedData_mergedRun_mergedAlgo",0.192648623231059
"374",74,"so",30.4683936147979,"el_EMmeanByTSS_mergedData_mergedRun_mergedAlgo",0.19552392057656
"375",75,"so",30.6487999540387,"el_EMmeanByTSS_mergedData_mergedRun_mergedAlgo",0.198951893918931
"376",76,"so",30.8292062932795,"el_EMmeanByTSS_mergedData_mergedRun_mergedAlgo",0.202992908880726
"377",77,"so",31.0096126325203,"el_EMmeanByTSS_mergedData_mergedRun_mergedAlgo",0.207694322621814
"378",78,"so",31.1900189717611,"el_EMmeanByTSS_mergedData_mergedRun_mergedAlgo",0.213082704109629
"379",79,"so",31.3704253110019,"el_EMmeanByTSS_mergedData_mergedRun_mergedAlgo",0.21915677719517
"380",80,"so",31.5508316502427,"el_EMmeanByTSS_mergedData_mergedRun_mergedAlgo",0.225883391691642
"381",81,"so",31.7312379894835,"el_EMmeanByTSS_mergedData_mergedRun_mergedAlgo",0.233199271854594
"382",82,"so",31.9116443287243,"el_EMmeanByTSS_mergedData_mergedRun_mergedAlgo",0.241020923276293
"383",83,"so",32.0920506679651,"el_EMmeanByTSS_mergedData_mergedRun_mergedAlgo",0.249263339857838
"384",84,"so",32.2724570072058,"el_EMmeanByTSS_mergedData_mergedRun_mergedAlgo",0.259058489985839
"385",85,"so",32.4528633464466,"el_EMmeanByTSS_mergedData_mergedRun_mergedAlgo",0.276794052451113
"386",86,"so",32.6332696856874,"el_EMmeanByTSS_mergedData_mergedRun_mergedAlgo",0.297418164841611
"387",87,"so",32.8136760249282,"el_EMmeanByTSS_mergedData_mergedRun_mergedAlgo",0.717735796150952
"388",88,"so",32.994082364169,"el_EMmeanByTSS_mergedData_mergedRun_mergedAlgo",0.744326857988598
"389",89,"so",33.1744887034098,"el_EMmeanByTSS_mergedData_mergedRun_mergedAlgo",0.705131514501394
"390",90,"so",33.3548950426506,"el_EMmeanByTSS_mergedData_mergedRun_mergedAlgo",0.55628722321442
"391",91,"so",33.5353013818914,"el_EMmeanByTSS_mergedData_mergedRun_mergedAlgo",0.561899409315312
"392",92,"so",33.7157077211322,"el_EMmeanByTSS_mergedData_mergedRun_mergedAlgo",0.566749123857511
"393",93,"so",33.896114060373,"el_EMmeanByTSS_mergedData_mergedRun_mergedAlgo",0.533317203569555
"394",94,"so",34.0765203996138,"el_EMmeanByTSS_mergedData_mergedRun_mergedAlgo",0.531468243435754
"395",95,"so",34.2569267388546,"el_EMmeanByTSS_mergedData_mergedRun_mergedAlgo",0.504447754841221
"396",96,"so",34.4373330780954,"el_EMmeanByTSS_mergedData_mergedRun_mergedAlgo",0.479170433631761
"397",97,"so",34.6177394173362,"el_EMmeanByTSS_mergedData_mergedRun_mergedAlgo",0.469831160014226
"398",98,"so",34.798145756577,"el_EMmeanByTSS_mergedData_mergedRun_mergedAlgo",0.460642360127922
"399",99,"so",34.9785520958178,"el_EMmeanByTSS_mergedData_mergedRun_mergedAlgo",0.452241838462157
"400",100,"so",35.1589584350586,"el_EMmeanByTSS_mergedData_mergedRun_mergedAlgo",0.44513093259982
"401",1,"thetao",3.81687688827515,"el_EMmeanByTSS_mergedData_mergedRun_mergedAlgo",0.0200276389093466
"402",2,"thetao",4.03906066008288,"el_EMmeanByTSS_mergedData_mergedRun_mergedAlgo",0.0200276652044544
"403",3,"thetao",4.26124443189062,"el_EMmeanByTSS_mergedData_mergedRun_mergedAlgo",0.020027696761159
"404",4,"thetao",4.48342820369836,"el_EMmeanByTSS_mergedData_mergedRun_mergedAlgo",0.0200277345622109
"405",5,"thetao",4.7056119755061,"el_EMmeanByTSS_mergedData_mergedRun_mergedAlgo",0.0200277810719394
"406",6,"thetao",4.92779574731384,"el_EMmeanByTSS_mergedData_mergedRun_mergedAlgo",0.0200278444383143
"407",7,"thetao",5.14997951912157,"el_EMmeanByTSS_mergedData_mergedRun_mergedAlgo",0.0200279531741232
"408",8,"thetao",5.37216329092931,"el_EMmeanByTSS_mergedData_mergedRun_mergedAlgo",0.020028206698364
"409",9,"thetao",5.59434706273705,"el_EMmeanByTSS_mergedData_mergedRun_mergedAlgo",0.0200289484733352
"410",10,"thetao",5.81653083454479,"el_EMmeanByTSS_mergedData_mergedRun_mergedAlgo",0.020031358369498
"411",11,"thetao",6.03871460635253,"el_EMmeanByTSS_mergedData_mergedRun_mergedAlgo",0.0200394883530815
"412",12,"thetao",6.26089837816026,"el_EMmeanByTSS_mergedData_mergedRun_mergedAlgo",0.0200671557610828
"413",13,"thetao",6.483082149968,"el_EMmeanByTSS_mergedData_mergedRun_mergedAlgo",0.0201615953787288
"414",14,"thetao",6.70526592177574,"el_EMmeanByTSS_mergedData_mergedRun_mergedAlgo",0.0204834566357879
"415",15,"thetao",6.92744969358348,"el_EMmeanByTSS_mergedData_mergedRun_mergedAlgo",0.0215718546821948
"416",16,"thetao",7.14963346539122,"el_EMmeanByTSS_mergedData_mergedRun_mergedAlgo",0.0251549638249588
"417",17,"thetao",7.37181723719895,"el_EMmeanByTSS_mergedData_mergedRun_mergedAlgo",0.0676107579927773
"418",18,"thetao",7.59400100900669,"el_EMmeanByTSS_mergedData_mergedRun_mergedAlgo",0.201551655921222
"419",19,"thetao",7.81618478081443,"el_EMmeanByTSS_mergedData_mergedRun_mergedAlgo",0.606338103429937
"420",20,"thetao",8.03836855262217,"el_EMmeanByTSS_mergedData_mergedRun_mergedAlgo",0.735448452445643
"421",21,"thetao",8.26055232442991,"el_EMmeanByTSS_mergedData_mergedRun_mergedAlgo",0.845970857177588
"422",22,"thetao",8.48273609623764,"el_EMmeanByTSS_mergedData_mergedRun_mergedAlgo",0.845168733933485
"423",23,"thetao",8.70491986804538,"el_EMmeanByTSS_mergedData_mergedRun_mergedAlgo",0.840250302561894
"424",24,"thetao",8.92710363985312,"el_EMmeanByTSS_mergedData_mergedRun_mergedAlgo",0.834259675237662
"425",25,"thetao",9.14928741166086,"el_EMmeanByTSS_mergedData_mergedRun_mergedAlgo",0.827033924027335
"426",26,"thetao",9.3714711834686,"el_EMmeanByTSS_mergedData_mergedRun_mergedAlgo",0.822069405199795
"427",27,"thetao",9.59365495527634,"el_EMmeanByTSS_mergedData_mergedRun_mergedAlgo",0.818080200936224
"428",28,"thetao",9.81583872708407,"el_EMmeanByTSS_mergedData_mergedRun_mergedAlgo",0.814197784514534
"429",29,"thetao",10.0380224988918,"el_EMmeanByTSS_mergedData_mergedRun_mergedAlgo",0.809808373149449
"430",30,"thetao",10.2602062706995,"el_EMmeanByTSS_mergedData_mergedRun_mergedAlgo",0.804544574666834
"431",31,"thetao",10.4823900425073,"el_EMmeanByTSS_mergedData_mergedRun_mergedAlgo",0.796797180911284
"432",32,"thetao",10.704573814315,"el_EMmeanByTSS_mergedData_mergedRun_mergedAlgo",0.785447253791019
"433",33,"thetao",10.9267575861228,"el_EMmeanByTSS_mergedData_mergedRun_mergedAlgo",0.766438014597614
"434",34,"thetao",11.1489413579305,"el_EMmeanByTSS_mergedData_mergedRun_mergedAlgo",0.739682356041749
"435",35,"thetao",11.3711251297382,"el_EMmeanByTSS_mergedData_mergedRun_mergedAlgo",0.710927635952795
"436",36,"thetao",11.593308901546,"el_EMmeanByTSS_mergedData_mergedRun_mergedAlgo",0.685923565804814
"437",37,"thetao",11.8154926733537,"el_EMmeanByTSS_mergedData_mergedRun_mergedAlgo",0.664253818559178
"438",38,"thetao",12.0376764451615,"el_EMmeanByTSS_mergedData_mergedRun_mergedAlgo",0.643189557915487
"439",39,"thetao",12.2598602169692,"el_EMmeanByTSS_mergedData_mergedRun_mergedAlgo",0.622534870366076
"440",40,"thetao",12.4820439887769,"el_EMmeanByTSS_mergedData_mergedRun_mergedAlgo",0.604499672234701
"441",41,"thetao",12.7042277605847,"el_EMmeanByTSS_mergedData_mergedRun_mergedAlgo",0.590955933739257
"442",42,"thetao",12.9264115323924,"el_EMmeanByTSS_mergedData_mergedRun_mergedAlgo",0.581924468822867
"443",43,"thetao",13.1485953042001,"el_EMmeanByTSS_mergedData_mergedRun_mergedAlgo",0.57624656670474
"444",44,"thetao",13.3707790760079,"el_EMmeanByTSS_mergedData_mergedRun_mergedAlgo",0.57267550337777
"445",45,"thetao",13.5929628478156,"el_EMmeanByTSS_mergedData_mergedRun_mergedAlgo",0.570326955598856
"446",46,"thetao",13.8151466196234,"el_EMmeanByTSS_mergedData_mergedRun_mergedAlgo",0.56866790340255
"447",47,"thetao",14.0373303914311,"el_EMmeanByTSS_mergedData_mergedRun_mergedAlgo",0.567390522211389
"448",48,"thetao",14.2595141632388,"el_EMmeanByTSS_mergedData_mergedRun_mergedAlgo",0.566324179357226
"449",49,"thetao",14.4816979350466,"el_EMmeanByTSS_mergedData_mergedRun_mergedAlgo",0.56365472669405
"450",50,"thetao",14.7038817068543,"el_EMmeanByTSS_mergedData_mergedRun_mergedAlgo",0.557542894259613
"451",51,"thetao",14.926065478662,"el_EMmeanByTSS_mergedData_mergedRun_mergedAlgo",0.551076656789315
"452",52,"thetao",15.1482492504698,"el_EMmeanByTSS_mergedData_mergedRun_mergedAlgo",0.537150369467557
"453",53,"thetao",15.3704330222775,"el_EMmeanByTSS_mergedData_mergedRun_mergedAlgo",0.535824901514232
"454",54,"thetao",15.5926167940853,"el_EMmeanByTSS_mergedData_mergedRun_mergedAlgo",0.534714074928775
"455",55,"thetao",15.814800565893,"el_EMmeanByTSS_mergedData_mergedRun_mergedAlgo",0.532448958321736
"456",56,"thetao",16.0369843377007,"el_EMmeanByTSS_mergedData_mergedRun_mergedAlgo",0.530351042686682
"457",57,"thetao",16.2591681095085,"el_EMmeanByTSS_mergedData_mergedRun_mergedAlgo",0.527537835122787
"458",58,"thetao",16.4813518813162,"el_EMmeanByTSS_mergedData_mergedRun_mergedAlgo",0.504679918640061
"459",59,"thetao",16.703535653124,"el_EMmeanByTSS_mergedData_mergedRun_mergedAlgo",0.479860195330611
"460",60,"thetao",16.9257194249317,"el_EMmeanByTSS_mergedData_mergedRun_mergedAlgo",0.219838411080445
"461",61,"thetao",17.1479031967394,"el_EMmeanByTSS_mergedData_mergedRun_mergedAlgo",0.193555746528458
"462",62,"thetao",17.3700869685472,"el_EMmeanByTSS_mergedData_mergedRun_mergedAlgo",0.190894032389122
"463",63,"thetao",17.5922707403549,"el_EMmeanByTSS_mergedData_mergedRun_mergedAlgo",0.187904170722075
"464",64,"thetao",17.8144545121626,"el_EMmeanByTSS_mergedData_mergedRun_mergedAlgo",0.185304223584914
"465",65,"thetao",18.0366382839704,"el_EMmeanByTSS_mergedData_mergedRun_mergedAlgo",0.182917483014771
"466",66,"thetao",18.2588220557781,"el_EMmeanByTSS_mergedData_mergedRun_mergedAlgo",0.180605410050236
"467",67,"thetao",18.4810058275859,"el_EMmeanByTSS_mergedData_mergedRun_mergedAlgo",0.178367466054025
"468",68,"thetao",18.7031895993936,"el_EMmeanByTSS_mergedData_mergedRun_mergedAlgo",0.176203337614722
"469",69,"thetao",18.9253733712013,"el_EMmeanByTSS_mergedData_mergedRun_mergedAlgo",0.174183488197397
"470",70,"thetao",19.1475571430091,"el_EMmeanByTSS_mergedData_mergedRun_mergedAlgo",0.172303697981653
"471",71,"thetao",19.3697409148168,"el_EMmeanByTSS_mergedData_mergedRun_mergedAlgo",0.170359754004569
"472",72,"thetao",19.5919246866245,"el_EMmeanByTSS_mergedData_mergedRun_mergedAlgo",0.167992316883793
"473",73,"thetao",19.8141084584323,"el_EMmeanByTSS_mergedData_mergedRun_mergedAlgo",0.164297932057772
"474",74,"thetao",20.03629223024,"el_EMmeanByTSS_mergedData_mergedRun_mergedAlgo",0.153353688875373
"475",75,"thetao",20.2584760020478,"el_EMmeanByTSS_mergedData_mergedRun_mergedAlgo",0.146005742941466
"476",76,"thetao",20.4806597738555,"el_EMmeanByTSS_mergedData_mergedRun_mergedAlgo",0.142557948653169
"477",77,"thetao",20.7028435456632,"el_EMmeanByTSS_mergedData_mergedRun_mergedAlgo",0.139450821775195
"478",78,"thetao",20.925027317471,"el_EMmeanByTSS_mergedData_mergedRun_mergedAlgo",0.136402101468619
"479",79,"thetao",21.1472110892787,"el_EMmeanByTSS_mergedData_mergedRun_mergedAlgo",0.133413181761961
"480",80,"thetao",21.3693948610864,"el_EMmeanByTSS_mergedData_mergedRun_mergedAlgo",0.130485341418939
"481",81,"thetao",21.5915786328942,"el_EMmeanByTSS_mergedData_mergedRun_mergedAlgo",0.127619747795127
"482",82,"thetao",21.8137624047019,"el_EMmeanByTSS_mergedData_mergedRun_mergedAlgo",0.12481746024257
"483",83,"thetao",22.0359461765097,"el_EMmeanByTSS_mergedData_mergedRun_mergedAlgo",0.122079432560644
"484",84,"thetao",22.2581299483174,"el_EMmeanByTSS_mergedData_mergedRun_mergedAlgo",0.119406514255548
"485",85,"thetao",22.4803137201251,"el_EMmeanByTSS_mergedData_mergedRun_mergedAlgo",0.116799450593362
"486",86,"thetao",22.7024974919329,"el_EMmeanByTSS_mergedData_mergedRun_mergedAlgo",0.114258881576811
"487",87,"thetao",22.9246812637406,"el_EMmeanByTSS_mergedData_mergedRun_mergedAlgo",0.111785340062125
"488",88,"thetao",23.1468650355484,"el_EMmeanByTSS_mergedData_mergedRun_mergedAlgo",0.109379249295756
"489",89,"thetao",23.3690488073561,"el_EMmeanByTSS_mergedData_mergedRun_mergedAlgo",0.107040920164611
"490",90,"thetao",23.5912325791638,"el_EMmeanByTSS_mergedData_mergedRun_mergedAlgo",0.104770548448414
"491",91,"thetao",23.8134163509716,"el_EMmeanByTSS_mergedData_mergedRun_mergedAlgo",0.102568212350097
"492",92,"thetao",24.0356001227793,"el_EMmeanByTSS_mergedData_mergedRun_mergedAlgo",0.10043387053028
"493",93,"thetao",24.257783894587,"el_EMmeanByTSS_mergedData_mergedRun_mergedAlgo",0.0983673608467578
"494",94,"thetao",24.4799676663948,"el_EMmeanByTSS_mergedData_mergedRun_mergedAlgo",0.096368399943681
"495",95,"thetao",24.7021514382025,"el_EMmeanByTSS_mergedData_mergedRun_mergedAlgo",0.0944365837961268
"496",96,"thetao",24.9243352100103,"el_EMmeanByTSS_mergedData_mergedRun_mergedAlgo",0.092571389263487
"497",97,"thetao",25.146518981818,"el_EMmeanByTSS_mergedData_mergedRun_mergedAlgo",0.0907721766729642
"498",98,"thetao",25.3687027536257,"el_EMmeanByTSS_mergedData_mergedRun_mergedAlgo",0.0890381934086201
"499",99,"thetao",25.5908865254335,"el_EMmeanByTSS_mergedData_mergedRun_mergedAlgo",0.0873685784554822
"500",100,"thetao",25.8130702972412,"el_EMmeanByTSS_mergedData_mergedRun_mergedAlgo",0.0858404804192038
